-- phpMyAdmin SQL Dump
-- version 4.5.1
-- http://www.phpmyadmin.net
--
-- Host: 127.0.0.1
-- Generation Time: Sep 06, 2020 at 10:14 PM
-- Server version: 10.1.9-MariaDB
-- PHP Version: 5.5.30

SET SQL_MODE = "NO_AUTO_VALUE_ON_ZERO";
SET time_zone = "+00:00";


/*!40101 SET @OLD_CHARACTER_SET_CLIENT=@@CHARACTER_SET_CLIENT */;
/*!40101 SET @OLD_CHARACTER_SET_RESULTS=@@CHARACTER_SET_RESULTS */;
/*!40101 SET @OLD_COLLATION_CONNECTION=@@COLLATION_CONNECTION */;
/*!40101 SET NAMES utf8mb4 */;

--
-- Database: `spforwardapk`
--

-- --------------------------------------------------------

--
-- Table structure for table `gejala`
--

CREATE TABLE `gejala` (
  `id_gejala` int(11) NOT NULL,
  `kode_gejala` varchar(20) NOT NULL,
  `nama_gejala` varchar(100) NOT NULL
) ENGINE=InnoDB DEFAULT CHARSET=latin1;

--
-- Dumping data for table `gejala`
--

INSERT INTO `gejala` (`id_gejala`, `kode_gejala`, `nama_gejala`) VALUES
(3, 'G01', 'Gejala satu'),
(4, 'G02', 'Gejala dua'),
(5, 'G03', 'Gejala tiga'),
(6, 'G04', 'Gejala empat'),
(7, 'G05', 'Gejala lima'),
(8, 'G06', 'Gejala enam');

-- --------------------------------------------------------

--
-- Table structure for table `pengguna`
--

CREATE TABLE `pengguna` (
  `id_pengguna` int(11) NOT NULL,
  `nama_lengkap` varchar(50) NOT NULL,
  `username` varchar(20) NOT NULL,
  `password` varchar(20) NOT NULL,
  `level` enum('Admin','Dokter','User') NOT NULL
) ENGINE=InnoDB DEFAULT CHARSET=latin1;

--
-- Dumping data for table `pengguna`
--

INSERT INTO `pengguna` (`id_pengguna`, `nama_lengkap`, `username`, `password`, `level`) VALUES
(1, 'Administrator', 'admin', 'admin', 'Admin'),
(10, 'Gunawan', 'gunawan', 'gunawan', 'Dokter');

-- --------------------------------------------------------

--
-- Table structure for table `penyakit`
--

CREATE TABLE `penyakit` (
  `id_penyakit` int(11) NOT NULL,
  `kode_penyakit` varchar(20) NOT NULL,
  `nama_penyakit` varchar(50) NOT NULL,
  `deskripsi` text NOT NULL,
  `solusi` text NOT NULL
) ENGINE=InnoDB DEFAULT CHARSET=latin1;

--
-- Dumping data for table `penyakit`
--

INSERT INTO `penyakit` (`id_penyakit`, `kode_penyakit`, `nama_penyakit`, `deskripsi`, `solusi`) VALUES
(1, 'P01', 'Penyakit satu', 'Deskripsi penyakit satu', 'Solusi penyakit satu'),
(2, 'P02', 'Penyakit dua', 'Deskripsi penyakit dua', 'Solusi penyakit dua'),
(3, 'P03', 'Penyakit tiga', 'Deskripsi penyakit tiga', 'Solusi penyakit tiga');

-- --------------------------------------------------------

--
-- Table structure for table `riwayat`
--

CREATE TABLE `riwayat` (
  `id_riwayat` int(11) NOT NULL,
  `id_pengguna` int(11) NOT NULL,
  `id_penyakit` int(11) DEFAULT NULL,
  `tanggal` date NOT NULL
) ENGINE=InnoDB DEFAULT CHARSET=latin1;

-- --------------------------------------------------------

--
-- Table structure for table `rule`
--

CREATE TABLE `rule` (
  `id_rule` int(11) NOT NULL,
  `id_penyakit` int(11) NOT NULL,
  `id_gejala` int(11) NOT NULL
) ENGINE=InnoDB DEFAULT CHARSET=latin1;

--
-- Dumping data for table `rule`
--

INSERT INTO `rule` (`id_rule`, `id_penyakit`, `id_gejala`) VALUES
(7, 1, 3),
(8, 1, 5),
(9, 1, 7),
(13, 3, 3),
(14, 3, 4),
(15, 3, 7),
(16, 3, 8),
(21, 2, 4),
(22, 2, 6),
(23, 2, 8);

--
-- Indexes for dumped tables
--

--
-- Indexes for table `gejala`
--
ALTER TABLE `gejala`
  ADD PRIMARY KEY (`id_gejala`);

--
-- Indexes for table `pengguna`
--
ALTER TABLE `pengguna`
  ADD PRIMARY KEY (`id_pengguna`);

--
-- Indexes for table `penyakit`
--
ALTER TABLE `penyakit`
  ADD PRIMARY KEY (`id_penyakit`);

--
-- Indexes for table `riwayat`
--
ALTER TABLE `riwayat`
  ADD PRIMARY KEY (`id_riwayat`),
  ADD KEY `id_pengguna` (`id_pengguna`),
  ADD KEY `id_penyakit` (`id_penyakit`);

--
-- Indexes for table `rule`
--
ALTER TABLE `rule`
  ADD PRIMARY KEY (`id_rule`),
  ADD KEY `id_penyakit` (`id_penyakit`),
  ADD KEY `id_gejala` (`id_gejala`);

--
-- AUTO_INCREMENT for dumped tables
--

--
-- AUTO_INCREMENT for table `gejala`
--
ALTER TABLE `gejala`
  MODIFY `id_gejala` int(11) NOT NULL AUTO_INCREMENT, AUTO_INCREMENT=9;
--
-- AUTO_INCREMENT for table `pengguna`
--
ALTER TABLE `pengguna`
  MODIFY `id_pengguna` int(11) NOT NULL AUTO_INCREMENT, AUTO_INCREMENT=11;
--
-- AUTO_INCREMENT for table `penyakit`
--
ALTER TABLE `penyakit`
  MODIFY `id_penyakit` int(11) NOT NULL AUTO_INCREMENT, AUTO_INCREMENT=4;
--
-- AUTO_INCREMENT for table `riwayat`
--
ALTER TABLE `riwayat`
  MODIFY `id_riwayat` int(11) NOT NULL AUTO_INCREMENT;
--
-- AUTO_INCREMENT for table `rule`
--
ALTER TABLE `rule`
  MODIFY `id_rule` int(11) NOT NULL AUTO_INCREMENT, AUTO_INCREMENT=24;
--
-- Constraints for dumped tables
--

--
-- Constraints for table `riwayat`
--
ALTER TABLE `riwayat`
  ADD CONSTRAINT `riwayat_ibfk_1` FOREIGN KEY (`id_pengguna`) REFERENCES `pengguna` (`id_pengguna`) ON DELETE CASCADE ON UPDATE NO ACTION,
  ADD CONSTRAINT `riwayat_ibfk_2` FOREIGN KEY (`id_penyakit`) REFERENCES `penyakit` (`id_penyakit`) ON DELETE CASCADE ON UPDATE NO ACTION;

--
-- Constraints for table `rule`
--
ALTER TABLE `rule`
  ADD CONSTRAINT `rule_ibfk_1` FOREIGN KEY (`id_penyakit`) REFERENCES `penyakit` (`id_penyakit`) ON DELETE CASCADE ON UPDATE NO ACTION,
  ADD CONSTRAINT `rule_ibfk_2` FOREIGN KEY (`id_gejala`) REFERENCES `gejala` (`id_gejala`) ON DELETE CASCADE ON UPDATE NO ACTION;

/*!40101 SET CHARACTER_SET_CLIENT=@OLD_CHARACTER_SET_CLIENT */;
/*!40101 SET CHARACTER_SET_RESULTS=@OLD_CHARACTER_SET_RESULTS */;
/*!40101 SET COLLATION_CONNECTION=@OLD_COLLATION_CONNECTION */;
